basic_info,edition,format,id,people,rate,role,title
,,Blu-ray,B004ZOF48U,"Bill Oberst Jr.,Courtney Abbiati,Shane Van Dyke",Unrated,"(Actor), ,(Actor), ,(Director)",A Haunting in Salem
,Alternate Box Art,Multi-Format,B00UXWCPFI,,,,Nobunagun: Complete Series
,,DVD,B00AZ64CSK,Asylum - VSC Video Service Corp,,(Actor),Clash of the Empires
,DVD,DVD,B008R65XWO,"Diane Keaton,Ryan Reynolds,Adam Brooks,Michael Lehmann",PG-13,"(Actor), ,(Actor), ,(Director, Writer), ,(Director)","Definitely, Maybe / Because I Said So Double Feature"
,,DVD,B00XL9OXXC,"Joel McHale,Gillian Jacobs",Unrated,"(Actor), ,(Actor)",Community - Season 6
,Blu-ray + DVD + Digital,Multi-Format,B00HEPCRLE,"Jason Statham,James Franco,Gary Fleder",R,"(Actor), ,(Actor), ,(Director)",Homefront
,DVD-R,DVD,B0074JOVGY,"Alan Webb,Oskar Werner,Kevin Billington",PG,"(Actor), ,(Actor), ,(Director)",Interlude
,,DVD,B005L0XY5C,,Unrated,,BETHENNY'S SKINNYGIRL WORKOUT
,,DVD,B000P0J060,"Byron Coley,13th Floor Elevators,Keven McAlester",NR,"(Actor), ,(Actor), ,(Director, Producer)",You're Gonna Miss Me : A Film About Roky Erickson
,Blu-ray + DVD + DIGITAL HD with UltraViolet,Multi-Format,B00HVIUTKU,"Justin Bieber,will.i.am,Jon M. Chu",PG,"(Actor, Producer), ,(Actor), ,(Director)",Justin Bieber's Believe
,,DVD,B003BWBA6W,"Cale, John,.",Unrated,"(Actor), ,(Director)","Cale, John - & Band: Live At Rockpalast"
,,DVD,B019A3QMG8,"Wayne Allwine,Bret Iwan",,"(Actor), ,(Actor)",DISNEY MICKEY MOUSE CLUBHOUSE: MICKEY'S GREAT OUTDOORS HOME VIDEO RELEASE
,Double Feature,DVD,B0045O2PF0,"Rob Lowe,Demi Moore,Edward Zwick,Joel Schumacher",R,"(Actor), ,(Actor), ,(Director), ,(Director)",About Last Night/St.Elmos Fire
,,DVD,B000X9PRGA,"H. Bruce Humberstone,Gordon Scott,Eve Brent",NR,"(Director), ,(Actor), ,(Actor)",Tarzan And The Trappers
,,,B000NSN164,,,,Tai Chi For Seniors
,,DVD,B006SOE5KS,"Steve Callahan,David Laduca,Paul Bright",Unrated,"(Actor), ,(Actor), ,(Director)",Abrupt Decision
,,VHS Tape,630179513X,"Michael J. Fox,Christopher Lloyd,Robert Zemeckis",PG,"(Actor), ,(Actor), ,(Director, Writer)",Back to the Future Part III VHS
,DVD,DVD,B007ATHNF4,"Kari Hawker-Diaz,Paul D. Hunt",NR,"(Actor), ,(Actor)",Elizabeth's Gift
,,DVD,B001CDLATO,"Doris Day,n/a",NR,"(Actor), ,(Director)",Doris Day: Christmas Memories
,,VHS Tape,630200098X,"Helen Slater,Faye Dunaway,Jeannot Szwarc",PG,"(Actor), ,(Actor), ,(Director)",Supergirl VHS
,,DVD,B000A16SLY,"Jonas Kaufmann,Camilla Nylund",NR,"(Actor), ,(Actor)","Beethoven - Fidelio / Nylund, Kaufmann, Polgar, Muff, Magnuson, Strehl, Groissbock, Harnoncourt, Zurich Opera"
,DVD,DVD,B00007IJ3H,,NR,,Rick Steves' Europe: All Thirty Shows 2000-2003
,,DVD,B006TSI7D4,"Heathcliff,Riffraff,Various",G,"(Actor), ,(Actor), ,(Director)","Heathcliff: Season 1, Volume 1"
,,DVD,B001NRY6R2,Tom Naughton,Unrated,"(Actor, Director)",Fat Head
,25th Anniversary Edition,Multi-Format,B001GS7AZS,Paul Newman,R,(Actor),The Color of Money
,,DVD,B006Z7Z3L8,Werner Herzog,PG-13,"(Actor, Director)",Into the Abyss
,,"DVD, DVD",B002EBCE98,,,,Wolf's Rain - Complete Anime TV Series DVD
,,DVD,B000050X30,"James Levine,Eva Marton,Brian Large",Unrated,"(Actor), ,(Actor), ,(Director)","Verdi - Il Trovatore / Levine, Milnes, Marton, Pavarotti, Metropolitan Opera"
,,HD DVD,B000ZOXDG4,"Cate Blanchett,Clive Owen,Shekhar Kapur",PG-13,"(Actor), ,(Actor), ,(Director)",Elizabeth: The Golden Age
,,DVD,B00008EY7D,"Victor Rasuk,Donna Maldonado,Peter Sollett",R,"(Actor), ,(Actor), ,(Director, Producer, Writer)",Raising Victor Vargas
,Limited Edition,DVD,B000066IXV,"Kirby Morrow,Kelly Sheridan,Kazuki Akane",Unrated,"(Actor), ,(Actor), ,(Director)",Escaflowne: The Series - Boxed Set
,,VHS Tape,B0006D3HG0,"Casey Kasem,Frank Welker,Tim Maltby",NR,"(Actor), ,(Actor), ,(Director, Producer)","Aloha, Scooby-Doo! VHS"
,DVD,DVD,B002EWD0BI,"Ashley Turner,Andrea Ambandos",NR,"(Actor), ,(Director)",Element: Yoga for Weight Loss
,,DVD,B00005Y7GQ,"Stephen Chow,Wei Zhao",Unrated,"(Actor, Director, Writer), ,(Actor)",Shaolin Soccer
,,DVD,B0033XKVE6,"Lance Bangs,Lynn Caponera",NR,"(Actor, Director), ,(Actor)",Tell Them Anything You Want
,,DVD,B006VC3L48,,Unrated,,Laverne & Shirley: Five Season Pack
,,"DVD, Multiple Formats, Full Screen, NTSC",B0043HQWA8,"W. C. Fields,Zasu Pitts,Norman Taurog,Ray Enright",,"(Actor), ,(Actor), ,(Director), ,(Director)",W. C. Fields in Mrs. Wiggs of The Cabbage Patch / Joe E. Brown in Earthworm Tractors
,,Multi-Format,B004T6ABVE,"William Christie,Stéphanie d'Oustrac,Robert Carsen,Francois Roussillon",G,"(Actor), ,(Actor), ,(Director), ,(Director, Producer)",Lully: Armide
,,DVD,B000YH8V00,PAUL WENDKOS / GARY NELSON,PG,(Director),"Death of Richie""based on a True Story""+the Pride of Jessie Hallam[slim Case] [Double Feature]"
,Complete Series,DVD,B00GGHOX3Q,Atsushi Ootsuki,Unrated,(Director),Ladies versus Butlers Complete Collection
,,DVD,B000F48D7I,"Steven Wright,Denis Leary,Fran Solomita",R,"(Actor), ,(Actor), ,(Director)",When Standup Stood Out
,,DVD,B00HNTIXK0,,,,Paranormal Activity: The Marked Ones
,,DVD,B00AIAC5SM,,,,"3 Dog Days, Revolutionary Dog Training and Rehabilitation System"
,VHS video,VHS Tape,6302652936,"Kathleen Battle,Luciano Pavarotti,Brian Large",Unrated,"(Actor), ,(Actor), ,(Director)",L'Elisir D'Amore VHS
,,Blu-ray,B014L2Y6KC,"Suzanna Leigh,Frank Finlay,Freddie Francis",NR,"(Actor), ,(Actor), ,(Director)",The Deadly Bees
,Double Feature,Multi-Format,B004IK30SM,"William Shatner,Leonard Nimoy,Nicholas Meyer",NR,"(Actor), ,(Actor, Director, Writer), ,(Director, Writer)",Star Trek II: The Wrath of Khan/Star Trek IV: The Voyage Home [Blu-ray]
,VHS video,VHS Tape,6303687261,"Jesse Borrego,David Clennon,Larry Elikann",,"(Actor), ,(Actor), ,(Director)",Tecumseh: The Last Warrior
,Director's Cut,DVD,B000795JN2,"Maria Schell,Luciana Paluzzi,Jesús Franco",Unrated,"(Actor), ,(Actor), ,(Director, Writer)",99 Women
,,DVD,B000UANYN0,"Adam Beach,Jason Priestley,Don McBrearty",PG,"(Actor), ,(Actor), ,(Director)",Luna: Spirit of the Whale
,,DVD,B00Q583B1Q,"Mike Huckabee,Eric Metaxas,Ken Carpenter",PG,"(Actor), ,(Actor), ,(Director)",One Generation Away
,,DVD,B0002EJ7XU,"Conrado San Martín,Diana Lorys,Jesús Franco,Pierre Chevalier",Unrated,"(Actor), ,(Actor), ,(Director, Writer), ,(Director, Writer)",The Orloff Collection: (The Awful Dr. Orloff / Dr. Orloff's Monster / Revenge in the House of Usher / Orloff and the Invisible Man)
,VHS video,VHS Tape,6302945100,"Maureen Flannigan,Scott Wolf,John Shepphird",R,"(Actor), ,(Actor), ,(Director, Writer)",Teenage Bonnie & Klepto Clyde VHS
,,DVD,B003FSTVEA,"Linda Hall,Reader's Digest",,"(Actor), ,(Director)",Wondrous Secrets of the Ocean Realm: Venom & Creatures of Darkness
,,,B004I9D7BI,,,,SUNGKYUNKWAN SCANDAL KOREAN DRAMA 8 DVDs w/English Subtitles
,,DVD,B00GHNL0QC,Pope Francis,NR,(Actor),Francis: The Pope From the New World
,,DVD,B006G6GU9M,"Ashley Greene,Kellan Lutz",PG,"(Actor), ,(Actor)",A Warrior's Heart
,,DVD,B000R20ZA6,,,,Doctor Who - The Time Warrior 1973
,,DVD,B0002XL2KW,"Wesley Eure,Kathy Coleman,Bob Lally,Gordon Wiles",NR,"(Actor), ,(Actor), ,(Director), ,(Director)",Land of the Lost - The Complete Second Season
,DVD Video,DVD,1896306071,"Bruce Lee,Bruce Li,Jim Markovic",Unrated,"(Actor), ,(Actor), ,(Director, Editor)",The Real Bruce Lee
,,DVD,B00DX88HI8,"Mccartney, Paul",Unrated,(Actor),"Mccartney, Paul - Going Underground: McCartney, The Beatles And The UK Counter-culture"
,,DVD,B000BQ7J70,"Bob Harper,Jillian Michaels,Cal Pozo",NR,"(Actor), ,(Actor), ,(Director)","The Biggest Loser Workout, Vol. 1"
,,DVD,B00006HAX7,"Jeff Daniels,Harve Presnell",PG-13,"(Actor, Director, Writer), ,(Actor)",Escanaba in Da Moonlight
,,DVD,B0012YN2IA,"Ginger Manning,Xavier O'Ryan,Aaron Greer",Unrated,"(Actor), ,(Actor), ,(Director, Writer)",Gettin' Grown (DVD)
,VHS video,VHS Tape,6302241235,"Red Skelton,Arlene Dahl,Jack Donohue",NR,"(Actor), ,(Actor), ,(Director)",Watch the Birdie VHS
,,DVD,B000063K0O,"Candice Rialson,Robin Mattson,Alan Holleb",R,"(Actor), ,(Actor), ,(Director)",Candy Stripe Nurses
,,DVD,B0029SESZY,"fish aquarium,Plasma Candy",G,"(Actor), ,(Director)",The Aquarium Fullscreen Edition
,,DVD,B001DJ7PSM,"William Hurt,Michelle Trachtenburg",Unrated,"(Actor), ,(Actor)",Beautiful Ohio
,,DVD,B00CNIDHM0,"Mike Kimmel,Vincent Ventresca,Robert Grasmere",NR,"(Actor), ,(Actor), ,(Director)",Flying Monkeys
,,"VHS Tape, Color, NTSC",B00004RE5L,"Pauline Fawcett,Harry Hoffman",Unrated,"(Actor), ,(Actor)",Richard Simmons and the Silver Foxes - Fitness for Silver Citizens VHS
,,"DVD, Multiple Formats, Color, NTSC",B012CZ4ZM4,"VARIOUS,N/a",,"(Actor), ,(Director)",BEGINNER'S BIBLE: VOLUME 4
,,DVD,B00LPD0GL4,"Drew Lachey,MacKenzie Porter,K.T. Donaldson",NR,"(Actor), ,(Actor), ,(Director)",Guess Who's Coming to Christmas
,,VHS Tape,B00005U2KO,"Tom Baker,Louise Jameson",Unrated,"(Actor), ,(Actor)",Doctor Who - The Sun Makers VHS
,Mod,DVD,B005ZVIMUE,"Harry Anderson,Markie Post",NR,"(Actor), ,(Actor)",Night Court: Season 5
,,DVD,B001RP974C,"Larry Miller,Anupam Kher,James Dodson",PG-13,"(Actor), ,(Actor), ,(Director)",The Other End of the Line
,,DVD,B00DTECIFY,"Niall Horan,Zayn Malik,Documentary",Unrated,"(Actor), ,(Actor), ,(Director)",One Direction: Going Our Way
,,DVD,B000OCY7R6,"David Warbeck,Tisa Farrow,Antonio Margheriti",Unrated,"(Actor), ,(Actor), ,(Director)",The Last Hunter
,,DVD,B000OVLMLQ,"Keith Bearden,Stephan D. Gill,Damion Dietz",Unrated,"(Actor), ,(Actor), ,(Director, Producer, Writer)",Love Life
,,DVD,B000077VRL,"Gary Farmer,Stephen Ouimette,Terrance Odette",Unrated,"(Actor), ,(Actor), ,(Director, Writer)",HEATER
,,DVD,B000Q7ZLUQ,"Christopher Timothy,Robert Hardy,Peter Grimwade",NR,"(Actor), ,(Actor), ,(Director)",All Creatures Great and Small - The Complete Series 7 Collection
,DVD Video,DVD,6305870748,"Dale Cook,Wayne Emons,Robert Raphael Goodman",Unrated,"(Actor), ,(Actor), ,(Director, Producer)",Rickson Gracie: Choke
,,VHS Tape,6305240671,"Hope Davis,Alan Gelfant,Brad Anderson",R,"(Actor), ,(Actor), ,(Director, Writer)",Next Stop Wonderland VHS
,,DVD,B000M2EBTM,"Giorgio Tozzi,Richard Cassilly",Unrated,"(Actor), ,(Actor)",Wagner - Die Meistersinger von Nurnberg
,,DVD,B000F6IHRM,"Honey,Adele Bertei,Lizzie Borden",Unrated,"(Actor), ,(Actor), ,(Director, Editor, Producer, Writer)",Born in Flames
,,"VHS Tape, Color, NTSC",6301917588,"Christopher Reeve,Judd Hirsch,Jud Taylor,Paul Wendkos",R,"(Actor), ,(Actor), ,(Director), ,(Director)",Great Escape II:The Untold Story VHS
,,VHS Tape,6305812187,"Richard Alexander,Kirstie Alley,Tom Ropelewski",PG-13,"(Actor), ,(Actor), ,(Director, Writer)",Madhouse VHS
,,DVD,B00005Y6XO,Earth Wind and Fire,NR,(Actor),Live By Request
,Collector's Edition,DVD,B0002F6BJW,"Hans Conried,Paul Frees",Unrated,"(Actor), ,(Actor)",Fractured Flickers - The Complete Collection
,,DVD,B000A8AXXG,"Helena Bonham Carter,Diana Rigg",Unrated,"(Actor), ,(Actor)",A Hazard of Hearts / Lady Hamilton
,,VHS Tape,6303962033,"Irene Dunne,Melvyn Douglas,Richard Boleslawski",NR,"(Actor), ,(Actor), ,(Director)",Theodora Goes Wild VHS
,Special Edition,DVD,B000BPK28O,,Unrated,,Planetes: Volume 5
,,DVD,B00CAYH2SM,"Steven Weber,Treat Williams,Robert Lieberman",Unrated,"(Actor), ,(Actor), ,(Director)",Eve of Destruction
,Special Edition,VHS Tape,6304653395,"Sarah Miles,Kris Kristofferson,Lewis John Carlino",R,"(Actor), ,(Actor), ,(Director, Writer)",The Sailor Who Fell from Grace with the Sea VHS
,,Blu-ray,B0058YPH5G,"Katie Leclerc,Vanessa Marano",,"(Actor), ,(Actor)",Switched at Birth
,,VHS Tape,6303093345,"Kyle MacLachlan,Anthony Hopkins,David Hugh Jones",PG-13,"(Actor), ,(Actor), ,(Director)",Trial VHS
,,DVD,B004N21KIC,"Allison Mcatee,Sarah Stouffer,Fernanda Cardoso",Unrated,"(Actor), ,(Actor), ,(Director)",Bloomington
,,DVD,B00MZ3VQKS,"Walter Brennan,Richard Crenna,David Alexander,Sidney Miller",NR,"(Actor), ,(Actor), ,(Director), ,(Director)",The Real McCoys: Complete Season 6
,3D BLURAY,3D,B005YFGJEM,"Various,The History Channel",NR,"(Actor), ,(Director)",Titanic: 100 Years
,,VHS Tape,6301801148,"Basil Rathbone,Nigel Bruce,Roy William Neill",NR,"(Actor), ,(Actor), ,(Director, Producer, Writer)",Sherlock Holmes: The Scarlet Claw VHS
,,DVD,B00NHG1DNM,".,Denis Delestrac",NR,"(Actor), ,(Director)",Sand Wars
,,VHS Tape,6301734777,"Ralph Byrd,Lyle Latell,John Rawlins",,"(Actor), ,(Actor), ,(Director)",Dick Tracy's Dilemma VHS
,,,B0001B50H6,,,,Take Peace - A Corgi Cottage Christmas with Tasha Tudor VHS
,,DVD,B001N3BD04,"Super Mario Super Show,Super Mario Super Show!",NR,"(Actor), ,(Director)",Super Mario Bros. Super Show!: Mario's Adventures Out West
,,DVD,B00YB1RLTC,"Steven Berkoff,Dave Vincent Phillips,Sean J. Vincent",,"(Actor), ,(Actor), ,(Director)",7 Cases
,,DVD,B00JLJ0AI8,"F. Murray Abraham,Enrico Lo Verso,Renzo Martinelli",Unrated,"(Actor), ,(Actor), ,(Director)",Day of the Siege
,,DVD,B00LN87984,,NR,,Teenage Mutant Ninja Turtles: Season 1
,DOUBLE-FEATURE,DVD,B00132D7TK,Various,PG-13,"(Actor, Director)",Dukes of Hazzard
,,DVD,B000R349JI,Agatha Christie's Marple,NR,(Actor),Agatha Christie's Marple Series 3
,,DVD,B0017HDM1Y,"Mike Mitchell,Patrick Wight,Mark Stirton",R,"(Actor), ,(Actor), ,(Director)",The Planet
,DVD,DVD,B00N1S7O48,Various,NR,"(Actor, Director)",Bing Crosby: The Silver Screen Collection (Going My Way / Holiday Inn / Rhythm on the Range / Birth of the Blues / Road to Morocco / and more)
,,,B00005UQC7,"Thilen Lhondup,Gurgon Kyap,Eric Valli,Michel Debats",,"(Actor), ,(Actor), ,(Director, Writer), ,(Director)",Himalaya VHS
,,DVD,B0013LRKYO,"Rebecca De Mornay,Hector Elizondo,Steven Sawalich",R,"(Actor), ,(Actor), ,(Director)",Music Within
,,DVD,B000BB1MIC,"Lauren Graham,Alexis Bledel,Amy Sherman-Palladino,Daniel Palladino",Unrated,"(Actor), ,(Actor), ,(Director), ,(Director)",Gilmore Girls: Season 5
,,VHS Tape,6303925111,"Damian Chapa,Jennifer Rubin,Paul Mones",R,"(Actor), ,(Actor), ,(Director, Producer, Writer)",Saints and Sinners VHS
,,DVD,B00074OLR2,Rachel Coleman,Unrated,(Actor),Signing Time! Series 1 Volume 5: ABC Signs
,,DVD,B00CD45JCU,"Richard Newton,J. Kenneth Campbell,Leo Penn",NR,"(Actor), ,(Actor), ,(Director)",Matlock: The Ninth and Final Season
,,DVD,B0002KPI14,"Charles Starrett,Patricia White,Ray Nazarro",NR,"(Actor), ,(Actor), ,(Director)",Blazing Across the Pecos
,,DVD,B000FUH350,"Robert Vaughn,Adrian Lester",NR,"(Actor), ,(Actor)",HUSTLE: COMPLETE SEASON 1 DBLDVD
,,DVD,B001P3SAA8,"Donnie Wahlberg,Dustin Milligan",NR,"(Actor), ,(Actor)",Runaway: Complete Series
,,DVD,B00005JXI9,"Tom Selleck,Virginia Madsen,Simon Wincer",NR,"(Actor), ,(Actor), ,(Director, Producer)",Crossfire Trail
,,,B001GIDG1K,,,,Miss Spider's Sunny Patch Friends - Dashing Through the Snow/Kids/Length Movie (3 pack)
,,DVD,B001KL2WCC,"Rania Bossonis,n/a",NR,"(Actor), ,(Director)",Belly Dance Hipper Than Hip: With Rania
,,DVD,B000766XNK,"James Purefoy,Piper Perabo,Tom Reeve",PG,"(Actor), ,(Actor), ,(Director, Writer)",George and the Dragon
,,DVD,B007PK9NEC,"Paul Anka,Ruth Roman,William Alland",NR,"(Actor), ,(Actor), ,(Director, Producer)",Look In Any Window
,,Multi-Format,B00BAXTY8U,"Patrick Stewart,Jonathan Frakes,Cliff Bole",NR,"(Actor), ,(Actor), ,(Director)",Star Trek: The Next Generation - The Best of Both Worlds
,Horror & Action,"DVD, Multiple Formats, Color, Dolby",B000092T4D,"Talisa Soto,Roger Daltrey",R,"(Actor), ,(Actor)",Vampirella / Nighthunter
,,"VHS Tape, NTSC",B000AKB1GW,,,,Spirit of the Wild
,,,B005R1V0QA,"Robert Young,Ina Claire,Edmund Goulding",,"(Actor), ,(Actor), ,(Director)",Claudia (1943)
,,DVD,B00005NP20,"Gérard Depardieu,Christian Clavier",,"(Actor), ,(Actor)",Les Misérables
,Special ed.,DVD,B0012Q3T3Q,"Tim Scott,Will Decker",NR,"(Director, Writer), ,(Director, Writer)",Travel The Road: Season 1
,,DVD,B00004U12Y,"Maria Dragoni,Qartetto Meridien",Unrated,"(Actor), ,(Actor)",Luigi Boccherini - Stabat Mater Jubilaeum Collection 2000 A.D.
,,DVD,B00000F4MA,"Miranda Richardson,Ralph Fiennes,David Cronenberg",R,"(Actor), ,(Actor), ,(Director, Producer)",Spider
,,DVD,B0137I9F66,"Peter Brown,John Russell",Unrated,"(Actor), ,(Actor)",Lawman: The Complete Second Season
,,DVD,B0007GP6S8,"Claudio Brook,Arthur Hansel,Juan López Moctezuma",R,"(Actor), ,(Actor), ,(Director, Writer)",The Mansion Of Madness
,,DVD,B000F48DBY,War Archive,Unrated,(Actor),War Archive - German Night Flyers
,,DVD,B0007R9OD0,,NR,,Solomon's Temple
,,DVD,B001FRNB9E,"Robin Tunney,Joel Edgerton,Mia Goldman",R,"(Actor), ,(Actor), ,(Director, Writer)",Open Window
,,DVD,B007V2LN4M,"Joshua Cameron,Teddy Chen Culver,Matthew Chung,Jose Carlos Gomez",Unrated,"(Actor), ,(Actor), ,(Director), ,(Director)",Extreme Zombies 8 Movie Collection
,,DVD,B001OQ17SI,"Mike Tomlin,Santonio Holmes",Unrated,"(Actor), ,(Actor)",NFL Super Bowl XLIII: Pittsburgh Steelers Champions
,,Multi-Format,B010CVV0AA,"Mikako Takahashi,Yoshiaki Iwasaki",Unrated,"(Actor), ,(Director)",Hayate the Combat Butler: Season 2
,,Blu-ray,B00GMV8CQU,"Lance Armstrong,Reed Albergotti,Alex Gibney",R,"(Actor), ,(Actor), ,(Director)",The Armstrong Lie
,,DVD,B000SQFC4A,,Unrated,,Go Diego Go! - Safari Rescue
,,DVD,B001TCL1D8,"Josslyn DeCrosta,Erica Rhodes,David Gregory",NR,"(Actor), ,(Actor), ,(Director, Writer)",Plague Town
,,VHS Tape,630339244X,"Don Wilson,Terry Farrell,Francis Megahy",R,"(Actor), ,(Actor), ,(Director)",Red Sun Rising VHS
,DVD,DVD,B0085A9KT4,"Alexander Popovic,Jordan Elizabeth,Chris Sheng",R,"(Actor), ,(Actor), ,(Director, Producer, Writer)",Knock Knock 2
,,DVD,6305526079,"Steve Martin,Goldie Hawn,Sam Weisman",PG-13,"(Actor), ,(Actor), ,(Director)",The Out-Of-Towners
,DVD-R,DVD,B00MMPB6CM,"Theo James,Chi McBride,Tim Hunter",NR,"(Actor), ,(Actor), ,(Director)",Golden Boy: The Complete Series
,,DVD,B006NO1ST4,"Simon Keenlyside,Liudmyla Monastyrska,Phyllida Lloyd",Unrated,"(Actor), ,(Actor), ,(Director)",Verdi: Macbeth
,,DVD,B000SQFC0O,,Unrated,,Family Ties: Season 2
,,DVD,8024728060,"Emil Horváth,Magda Vašáryová,Karel Zeman",Unrated,"(Actor), ,(Actor), ,(Director)",Na komete (On a Comet)
,,DVD,B0030VBGIQ,"Bela Lugosi,John Carradine,William Beaudine",NR,"(Actor), ,(Actor), ,(Director)",Rifftrax: Voodoo Man - from the stars of Mystery Science Theater 3000!
,,DVD,B00EZ4DWZW,"Jasmine Waltz,Michael Placenia,Rob Walker",Unrated,"(Actor), ,(Actor), ,(Director)",Demon
,,Blu-ray,B00N1JQ2SG,"Al Pacino,Greta Gerwig,Barry Levinson",R,"(Actor), ,(Actor), ,(Director)",Humbling
,,DVD,B000QJMCRO,"When They Cry,Chiaki Kon",Unrated,"(Actor), ,(Director)","When They Cry, Vol. 2"
,,DVD,B000K2JU36,"Constance Bennett,Brian Aherne,Norman Z. McLeod",NR,"(Actor), ,(Actor), ,(Director)",Merrily We Live
,,DVD,B007JQY9G4,"Red Paden,Unknown",NR,"(Actor), ,(Director)",We Juke Up In Here: Mississippi's Juke Joint Culture At The Crossroads
,,DVD,B00004Y6A5,"Michael Garfield,Kim Terry,Juan Piquer Simón",R,"(Actor), ,(Actor), ,(Director, Producer, Writer)",Slugs
,,DVD,B00404ME0G,"Stephen Sondheim,Bernadette Peters,Lonny Price",NR,"(Actor), ,(Actor), ,(Director)",Sondheim: The Birthday Concert
,Ultimate Special Edition,DVD,B000F0UUI2,"John Wayne,Thomas Mitchell,John Ford,Nick Redman",NR,"(Actor), ,(Actor), ,(Director), ,(Director)",John Wayne-John Ford Film Collection: (The Searchers / Stagecoach / Fort Apache / She Wore a Yellow Ribbon / The Long Voyage Home / and more)
,,,6301063058,"David Keith,Cathy Moriarty,Donald Cammell",R,"(Actor), ,(Actor), ,(Director)",White of the Eye VHS
,,DVD,B005MYEPX2,"Tracy Pollan,Stephen Amell,Stephen Kay",NR,"(Actor), ,(Actor), ,(Director)",Justice for Natalee Holloway
,,DVD,B0050QNO7K,"Christopher Hatfield,Mark Keyes",PG,"(Actor), ,(Actor)",The Haunted
,,VHS Tape,B000053V8F,"William Hurt,Alec Newman",Unrated,"(Actor), ,(Actor)",Frank Herbert's Dune TV Miniseries VHS
,,DVD,B0001NBMEY,"Patrick Bergin,Uma Thurman,John Irvin",NR,"(Actor), ,(Actor), ,(Director)",Robin Hood
,,DVD,B004VW4VAI,"Various,-",G,"(Actor), ,(Director)",Groovie Goolies
,,DVD,B009AMANTW,"James Buckley,Blake Harrison,Ben Palmer",,"(Actor), ,(Actor), ,(Director)",The Inbetweeners
,,DVD,B001992NYC,,,,Hazel - Season 2
,,DVD,B0011U52BK,"Klaus Voormann,Paul Gambaccini",Unrated,"(Actor), ,(Actor)",Composing The Beatles Songbook: Lennon and McCartney 1957-1965
,,DVD,B0000A1HPQ,"Guest, Christopher,Smigel, Robert,Altman, Robert,Anderson, Paul Thomas",Unrated,"(Actor, Director), ,(Actor, Director), ,(Director), ,(Director)",Saturday Night Live - The Best of Molly Shannon
,,Multi-Format,B007FFWJIE,"Joe D'amato,Charles B. Pierce,Tisa Farrow,Christina Lindberg",Unrated,"(Director), ,(Director), ,(Actor), ,(Actor)",42nd Street Forever: The Edition
,,DVD,B000GEIRC8,,Unrated,,Pick Your Level: Fat to Firm Fast
,Mod,DVD,B004H1UAIA,,,,Russia's Last Tsar
,,Blu-ray,B01AX966GO,,Unrated,,Shirobako 2
,VHS video,VHS Tape,6302994071,"Pauly Shore,Carla Gugino,Steve Rash",PG-13,"(Actor), ,(Actor), ,(Director)",Son in Law VHS
,,,B016IKERPO,,,,"Count Yorga, Vampire"
,,DVD,B000F3UA6G,"Jonathan Slavin,Scotch Ellis Loring",Unrated,"(Actor), ,(Actor)",Hard Pill
,DVD,DVD,B000EMI6LE,"John Paul Tremblay,Robb Wells",NR,"(Actor), ,(Actor)",Trailer Park Boys: The Complete Fifth Season
,,DVD,B009C817PS,,,,Molly's girl (VOST)
,,DVD,B0009YA3PE,Cameron Shayne,NR,(Actor),Budokon Weight Loss System
,Blu-ray,Multi-Format,B001B7CNXS,"Arnold Schwarzenegger,Gabriel Byrne,Peter Hyams",R,"(Actor), ,(Actor), ,(Director)",End of Days
,,"VHS Tape, NTSC, Color",B000BOY9XO,"Oliver Reed,Fernando Rey,John Hough",NR,"(Actor), ,(Actor), ,(Director)",Disney Black Arrow
,,DVD,B005GLHO48,"Caleb Steinmeyer,James Russo,Michael Morrissey",R,"(Actor), ,(Actor), ,(Director)",Boy Wonder
,,DVD,B00005JO4F,"Dick Van Patten,Betty Buckley",NR,"(Actor), ,(Actor)",Eight is Enough: S1 (DVD)
,,,B006POGWFW,,,,Ong Bak Collection (3 Blu-Ray)
,,DVD,B0002T8FWO,,,,Santa Fe Trail
,,,B00NPBIEZE,"Alyse Nicole, Jeffrey Scallon, H. Samuel Santiago, Dr. D Michael Michael, Gary T. Nolan",,(Actor),Dying to be Heard
,Blu-ray + DVD,Blu-ray,B01D5MQPMQ,"Monica Rial,Christopher R. Sabat",NR,"(Actor), ,(Actor)",Yona of the Dawn: Season One - Part One
,,DVD,B000CQQIZ8,,Unrated,,The Celts: A Journey Back in Time
,,VHS Tape,6305196273,"Paul McGann,Keeley Hawes",NR,"(Actor), ,(Actor)",Our Mutual Friend VHS
,,DVD,B0026MP1BS,"Leo Fitzpatrick, Elisabeth Moss, Christopher Denham",NR,(Actor),El Camino
,,DVD,B00008J2GF,,NR,,The Fabulous 50's: The Fun and the Feel of America's Dream Decade
,,"DVD, NTSC",B00CAYSQ8W,"Jeanne Cooper,Eric Braeden,The Paley Center for Media",,"(Actor), ,(Actor), ,(Director)","The Young and the Restless: Celebrating 10,000 Episodes: Cast & Creators Live at the Paley Center"
,,DVD,B001OXLGJ6,,PG-13,,The Spectacular Spider-Man: Volume Two
,,VHS Tape,B00006RCQE,,NR,,Richard Simmons: Latin Blast-Off VHS
,DVD Video,DVD,6305771111,"Ferlin Husky,Jayne Mansfield,Arthur C. Pierce",G,"(Actor), ,(Actor), ,(Director)",Las Vegas Hillbillys
,,VHS Tape,B00006AGH3,"Jimi Mistry,Heather Graham,Daisy von Scherler Mayer",R,"(Actor), ,(Actor), ,(Director)",The Guru
,,DVD,B000O76PWQ,"Chris Anderson (XV),Erin Brophy,Brian Singleton",Unrated,"(Actor), ,(Actor), ,(Director)",Forest of the Dead
,,DVD,B00242KD0O,"Beau Bridges,Becky Ann Baker,Mark Brokaw",R,"(Actor), ,(Actor), ,(Director)",Spinning into Butter
,,DVD,B0009X76YG,Various,Unrated,(Actor),Grey Wolves 1939-1941
,,"DVD, NTSC",B01HDHAA52,"Scarlett Storm,Terra Incognita",X,"(Actor), ,(Actor)",Trust Your Photographer
,VHS video,VHS Tape,1573628042,"Baldwin, Stephen,Barone, Anita",R,"(Actor), ,(Actor)",Sex Monster VHS
,,DVD,B00008DDRQ,"Donald Moffat,Victor Garber,Kirk Browning,Stephen Porter",NR,"(Actor), ,(Actor), ,(Director), ,(Director)",Tartuffe
,,DVD,B00FNLUO6G,,,,Crash Reel
,,DVD,B00006SFJ9,"Richard Crane,Scotty Beckett,Hollingsworth Morse",Unrated,"(Actor), ,(Actor), ,(Director)","Rocky Jones, Space Ranger: Crash of the Moons"
,,DVD,B0000D9PFZ,"John Gordon Sinclair,Sean Hughes,Brian Little",Unrated,"(Actor), ,(Actor), ,(Director)",Rubbadubbers - Here Come the Rubbadubbers
,,,6302530121,"Michael Palin,Maggie Smith,Malcolm Mowbray",R,"(Actor), ,(Actor), ,(Director, Writer)",Private Function VHS
,,DVD,B0041KT3NA,"Ruth Bradley,Aidan Turner,Gerard Stembridge",NR,"(Actor), ,(Actor), ,(Director, Writer)",Alarm
,,Multi-Format,B00ERH16NC,"Campbell, Tevin",Unrated,(Actor),Campbell: Tevin - Live RNB 2013
,,DVD,B00JB08CT6,"Natalie Eleftheriadis,J. Harkness",Unrated,"(Actor), ,(Director)",Birthday
,,DVD,B001HUHAQE,"Aaron Taylor-Johnson,Sean Bean,Esmé Lammers",PG,"(Actor), ,(Actor), ,(Director, Writer)",Tom & Thomas
,1st,DVD,B000HXDTGW,"DJ Perry,Leslie Valenza,Franklin Guerrero Jr.",Unrated,"(Actor), ,(Actor), ,(Director)",The 8th Plague
,Special Edition,DVD,B000GIXLVQ,"Humphrey Bogart,Claude Rains,B. Reeves Eason,Byron Haskin",Unrated,"(Actor), ,(Actor), ,(Director), ,(Director)",Humphrey Bogart: The Signature Collection - Volume 2
,,,B000085EEM,,Unrated,,If I See You in My Dreams: OVA Series
,,DVD,B000CCBCJO,Nick Cannon,NR,(Actor),Wild 'N Out - Season One Uncensored
,,DVD,B00ASUXBIA,"cartoon,Herald Entertainment",G,"(Actor), ,(Director)",Brother Francis - Forgiven!: The Blessings of Confession
,VHS video,VHS Tape,6305263671,"Yuen Biao,Kwan Tak-Hing,Yuen Woo-Ping",Unrated,"(Actor), ,(Actor), ,(Director)",Dreadnaught VHS
,,DVD,B0030TXXKW,"Jean Garcia,Emilio Garcia,Joel Lamangan",Unrated,"(Actor), ,(Actor), ,(Director)",No Way Out
,,,6301901282,"Jason Patric,Rachel Ward,James Foley",R,"(Actor), ,(Actor), ,(Director, Writer)","After Dark, My Sweet VHS"
,,DVD,B0000Z0I8E,"Robert Lindsay,Zoë Wanamaker,Baz Taylor,Jay Sandrich",,"(Actor), ,(Actor), ,(Director), ,(Director)",My Family: The Complete First Series
,,DVD,B0039UU3M8,"Mike Nichols,Gilda Radner,Don Novello",R,"(Director), ,(Actor), ,(Actor)",Gilda Live
,Collector's Edition,DVD,B000HT3PGK,"Rossano Brazzi,Mitzi Gaynor,Joshua Logan",Unrated,"(Actor), ,(Actor), ,(Director, Writer)",South Pacific
,,DVD,B00MVIYKBY,"Jason Tobin,Kurt Kishita,Mathieu Weschler",R,"(Actor), ,(Actor), ,(Director)",Covert Operation Digital
,,DVD,B004WKRQTM,"John Pellegrini,Tom McComas",NR,"(Actor), ,(Director)",Cat Power
,,DVD,B00QGQFOHG,,,,Doctor Who - Last Christmas
,,DVD,B00CMQLA04,"Juliet Stevenson,Scott Handy,Antonia Bird,Gillies MacKinnon",Unrated,"(Actor, Host), ,(Actor, Host), ,(Director, Host), ,(Director)",The Village
,,DVD,B00OI6B7LS,,,,"Gemma Bovery (2014) [ NON-USA FORMAT, PAL, Reg.0 Import - France ]"
,,DVD,B001D8W7JA,"Nicole Eggert,David O'Donnell,Michael Feifer",PG,"(Actor), ,(Actor), ,(Director, Producer)",A Christmas Proposal
,,DVD,B0009X765A,"Miki Nakatani,Hitomi Satô,Hideo Nakata",Unrated,"(Actor), ,(Actor), ,(Director)",Ringu 2
,Special Edition,DVD,B00G4RB34K,,PG,,IRON GIANT (SPECIAL EDITION) (DVD/WS 2.35 ANAMORPHIC/DD5.1/ENG-FR-SP-SUB)
,,"DVD, Multiple Formats, Box set, Color",B009B8YZMG,"Nathaniel Parker,Sophie Ward,Various",NR,"(Actor), ,(Actor), ,(Director)",Land Girls Collection Set
,,DVD,B00BTFK09G,"Daniel Baldwin,Warwick Davis,Jason M. Murphy",Unrated,"(Actor), ,(Actor), ,(Director)",The Unbroken
,,DVD,B00IJZW4HK,Kevin R. Hershberger,Unrated,(Director),D-Day: 70th Anniversary Collection
,,DVD,B005E7AODW,"Elizabeth Taylor,John Waters,Robert Oppel",NR,"(Actor), ,(Actor), ,(Director)",Uncle Bob
,,Blu-ray,B0195N55WU,"Brian Hooks,Deon Taylor,Rutger Hauer,Chris Blasman",R,"(Director, Producer, Writer, Actor), ,(Director, Producer, Writer), ,(Actor), ,(Actor)",Dead Tone
,,DVD,B001KEHAE4,"Erin Cahill,Charles Hittinger,Gary Jones",Unrated,"(Actor), ,(Actor), ,(Director)",Boogeyman 3
,,DVD,B0079K4XAW,Shinji Takamatsu,Unrated,(Director),Gintama the Motion Picture
,,VHS Tape,6302977193,,NR,,Gypsy VHS
,,DVD,B0058W0EPQ,Bruce LaBruce,Unrated,(Director),L.A. Zombie
,,DVD,B00005K3O5,"Campbell (II), Don,Cash, Bubbles",Unrated,"(Actor), ,(Actor)",Mars Needs Women
,,DVD,B000EF5N4Y,"Don Adams,Holly Berger",G,"(Actor), ,(Actor)",Inspector Gadget: The Original Series
,,DVD,097369470X,"Matty Simmons,Colin Campbell,Gregory Greene",NR,"(Actor), ,(Actor), ,(Director)",The End of Suburbia: Oil Depletion and the Collapse of the American Dream
,,DVD,B000LC3ILA,"Dominot,Ric Flair",NR,"(Actor), ,(Actor)",WWE Unforgiven 2007
,,DVD,B00005LB87,Richard Rich,G,(Director),The Trumpet of the Swan
,,DVD,B00527TSV8,,NR,,Forensic Files: Kidnapping Cases
,,VHS Tape,6304154143,"William Hartnell,Patrick Troughton",Unrated,"(Actor), ,(Actor)",Doctor Who - The Ribos Operation VHS
,Standard Edition,DVD,B001GJ4U5A,"Diana Rigg,Matthew Modine",NR,"(Actor), ,(Actor)",The Henry James Collection: (The American / The Portrait of a Lady / The Wings of the Dove / The Golden Bowl / The Spoils of Poynton)
,,DVD,B000O77SO0,"Lee Majors,Douglas Barr,Michael Lange",NR,"(Actor), ,(Actor), ,(Director)","The Fall Guy: Season 1, Vol. 1"
,,DVD,B00BLNDRKK,"Terence Hill,Henry Fonda,Tonino Valerii",Unrated,"(Actor, Host), ,(Actor, Host), ,(Director, Host)",My Name is Nobody (1973) ( Il Mio nome è Nessuno )
,,DVD,B001D5C1FS,"Tony Crane,Barry Corbin,Peter Ellis",NR,"(Actor), ,(Actor), ,(Director)",The Big Easy: Season 2
,,"VHS Tape, Color, NTSC",B00000IQUP,"Kirstie Alley,Cotter Smith,Karen Arthur",Unrated,"(Actor), ,(Actor), ,(Director)",Bunny's Tale VHS
,,Blu-ray,B010TIZDYK,,Unrated,,Love 2D & Region2 Requires a Multi Region Player
,,DVD,B0006GAO40,"Leon Isaac Kennedy,Jayne Kennedy,George Bowers",R,"(Actor, Writer), ,(Actor), ,(Director)",Body and Soul
,,,B000E1OI58,"Bettie Page,Tempest Storm,Irving Klaw",Unrated,"(Actor), ,(Actor), ,(Director, Producer)",Bettie Page: Varietease/Teaserama
,,DVD,B00AEJM5X2,"Various,Ross Bagdasarian Jr",Unrated,"(Actor), ,(Director)",Alvin & The Chipmunks: Easter Collection
,,,B00R8N1BTG,Mark Knight,Unrated,(Director),Evening Rain rain falling on leaves with thunder
,BD-R,DVD,B003T04NCE,"Keri Russell,Thomas Kretschmann,Martin Weisz",R,"(Actor), ,(Actor), ,(Director)",Grimm Love
,DVD,DVD,B00466H37M,"Benjamin Bratt,Sam Waterston",NR,"(Actor), ,(Actor)",Law & Order: The Ninth Year
,,DVD,B0002KQNKO,"Frederic Forrest,Kathleen Lloyd,Larry Cohen",R,"(Actor), ,(Actor), ,(Director, Producer, Writer)",It Lives Again / It's Alive 3 - Island of the Alive
,VHS video,VHS Tape,6303450083,"Bill Pullman,Christina Ricci,Brad Silberling",PG,"(Actor), ,(Actor), ,(Director)",Casper VHS
,The Complete Collection (3 DVD),DVD,B000BB18O0,,NR,,Eko Eko Azarak: The Complete Collection
,,DVD,B0000640VN,"Meg Ryan,Hugh Jackman,James Mangold",PG-13,"(Actor), ,(Actor), ,(Director, Writer)",Kate & Leopold
,,DVD,B00S4YGDNC,,Unrated,,The Man Who Saved The World
,,DVD,B00005BJX2,"Megumi Ogata,Megumi Hayashibara,Hiroyuki Ishidô,Kazuya Tsurumaki",Unrated,"(Actor), ,(Actor), ,(Director), ,(Director)",Neon Genesis Evangelion: Collection 0:7
,,DVD,B001BXM1L6,"Bruce McLaren,Jim Hall,Robert Nevison",G,"(Actor), ,(Actor), ,(Director)",CAN AM The Speed Odyssey
,,DVD,B00B8O4WQA,"Taylor Nicole Adams,Bob Dennis,Brett Piper",NR,"(Actor), ,(Actor), ,(Director)",HP Lovecraft's The Dark Sleep
,,VHS Tape,6304266758,"Jeff Wincott,Sven-Ole Thorsen,Damian Lee",R,"(Actor, Producer), ,(Actor), ,(Director, Producer, Writer)",Fatal Combat VHS
,,,6304525117,"Edward G. Robinson,Ruth Gordon,William Dieterle",PG,"(Actor), ,(Actor), ,(Director)",Dr. Ehrlich's Magic Bullet VHS
,,DVD,B00004Z4W3,"Harry Langdon,Priscilla Bonner,Frank Capra,Harry Edwards",NR,"(Actor, Writer), ,(Actor), ,(Director, Writer), ,(Director)","Harry Langdon… The Forgotten Clown: (The Strong Man / Tramp, Tramp, Tramp / Long Pants)"
,,DVD,B00005Q2ZX,"Kim Coates,Daniel Baldwin,John Bradshaw",NR,"(Actor), ,(Actor), ,(Director)",Killing Moon
,,DVD,B000059TON,"Nien-Jen Wu,Elaine Jin,Edward Yang",NR,"(Actor), ,(Actor), ,(Director, Writer)",Yi Yi: A One and a Two
,,DVD,B0017VG672,,Unrated,,All About Fall
,,DVD,B000ENUYG8,"Fran Drescher,Charles Shaughnessy",NR,"(Actor, Producer), ,(Actor)",The Nanny - The Complete Second Season
,,DVD,B00005R24L,"Fabio Testi,Lynne Frederick,Lucio Fulci",Unrated,"(Actor), ,(Actor), ,(Director, Writer)",Four of the Apocalypse
,Collector's Edition,DVD,B000B9WF1W,"Mike Kelley,Mary McCloud,Jerry A. Vasilatos",Unrated,"(Actor), ,(Actor), ,(Director, Editor, Producer, Writer)",Solstice/The Night Before Christmas
,,DVD,B000053V5B,"Stephanee Lafleur,Landon Michaels,Mike Sedan",R,"(Actor), ,(Actor), ,(Director)",Animal Attraction
,,Blu-ray,B011QLB12M,"Ethan Hawke,Hailee Steinfeld,Shari Springer Berman,Robert Pulcini",R,"(Actor), ,(Actor), ,(Director), ,(Director)","10,000 Saints"
,,,B000640N7K,"Eric Karson,Art Hindle",,"(Director), ,(Actor)",The Octagon
,,DVD,B0006VD398,"Kate Lynch,Kate Kelton,Deepa Mehta",NR,"(Actor), ,(Actor), ,(Director, Writer)",The Republic of Love
,,DVD,B00005NBA0,"Tom Wlaschiha,Irit Levi,Jochen Hick",R,"(Actor), ,(Actor, Writer), ,(Director, Producer, Writer)",No One Sleeps
,,DVD,B0009PW4BE,"Nicole Kidman,Alyssa Cook,John Duigan",NR,"(Actor), ,(Actor), ,(Director)",Room to Move
,VHS video,VHS Tape,6301229398,"Chuck Norris,Brynn Thayer,William Tannen",R,"(Actor), ,(Actor), ,(Director)",Hero & The Terror VHS
,,DVD,B00267BXOC,,,,Prince Brat and the Whipping Boy Dvd! Feature Films for Families
,,DVD,B0001932ZK,"Michael Keaton,Michael Caine,John Mackenzie",R,"(Actor), ,(Actor), ,(Director)",Quicksand
,,,B005GP7ERQ,"Hosted By Eric Sevareid,Scott Garen",NR,"(Actor), ,(Director)",The Road to World War II 6 pk.
,,DVD,B01CE00Q5C,"Hugh Jackman,Halle Berry,Brett Ratner",PG-13,"(Actor), ,(Actor), ,(Director)",X-Men 3: The Last Stand Icon
,,DVD,B00005RZPS,"Megumi Hayashibara,Yuka Imai",Unrated,"(Actor), ,(Actor)",Saber Marionette J Again: Plasmatic Crisis Collection - Volume 1-3
,,DVD,B000ZOXDKA,"Tom & Jerry,Bugs Bunny,Joe Barbera,Bill Hanna",NR,"(Actor), ,(Actor), ,(Director), ,(Director)",WB Home Ent:Academy Award Anim Coll
,,,B000AFA9CY,,,,Tv's Western Heroes: The Rifleman
,,VHS Tape,B0000639KS,"David Keith,Stephanie Niznik,Matt Codd",PG-13,"(Actor), ,(Actor), ,(Director)",Epoch VHS
,Special Edition,DVD,B00005JPTK,"Will Smith,Charlie Tahan,Francis Lawrence (II)",PG-13,"(Actor), ,(Actor), ,(Director)",I Am Legend
,,DVD,B007T40GM2,Craig Viveiros,G,(Director),Queen & Country
,,DVD,B01GWBZ3K2,,,,TCM Greatest Classic Films Collection: Holiday (Christmas in Connecticut / A Christmas Carol 1938 / The Shop Around the Corner / It Happened on 5th Avenue) by Barbara Stanwyck
,,DVD,B00CYI4L9W,,NR,,"Inspector Gadget Season 1, Volume 1"
,,DVD,B007CU8OUE,"David Alan Grier,Chris Tallman",NR,"(Actor), ,(Actor)",Chocolate News: The Complete Series
,,DVD,B00FPWWCJK,"Richie Jen,Mavis Fan,Arvin Chen",Unrated,"(Actor), ,(Actor), ,(Director)",Will You Still Love Me Tomorrow?
,DVD,DVD,B01AAZVX96,"Daniel Henshall,Heather Lind,Not Available",Unrated,"(Actor), ,(Actor), ,(Director)",Turn: Washington's Spies - The Complete Second Season
,,DVD,B001KQS3U2,"Kendell Hogan,Jennifer Galardi,Andrea Ambandos",NR,"(Actor), ,(Actor), ,(Director)",Ultimate Body: Quick & Incredible Abs
,Standard Edition,DVD,B00170JRTW,"Joanna Lumley,Denis Lawson,Hugo Blick",NR,"(Actor), ,(Actor), ,(Director)",Sensitive Skin - The Complete Seasons 1 and 2
,,Multi-Format,B00FEHCQYW,"Tiger Chen,Keanu Reeves",PG-13,"(Actor), ,(Actor, Director)",Man of Tai Chi
,,Laser Disc,B003RKYGVO,"Jeff Bridges, Michelle Pfeiffer, Beau Bridges, Ellie Robb, Jennifer Tilly,Steve Kloves",R,"(Actor), ,(Director)",Fabulous Baker Boys - Laserdisc
,,DVD,B005ZMBDJK,"Michael Pollan,Gunther Hauk,Taggart Siegel",NR,"(Actor), ,(Actor), ,(Director)",Queen Of The Sun: What Are the Bees Telling Us?
,,DVD,B00006BS7R,"Patrick Swayze,Forest Whitaker,Timothy Linh Bui",PG-13,"(Actor), ,(Actor), ,(Director)",Green Dragon
,,DVD,B001UNSZ9O,"Kai Atô,Tomoharu Hasegawa,Takashi Miike",Unrated,"(Actor), ,(Actor), ,(Director)",Detective Story
,,VHS Tape,B00000JKVX,"Marion Ross,Matthew Collins (III),Rocky Collins",Unrated,"(Actor), ,(Director), ,(Director)",The American Experience: The Orphan Trains VHS
,,DVD,B00ATP24DM,,NR,,UFC Best of 2012: Year in Review
,,DVD,B00005UJY8,"Irene Papas,Giannis Fertis,Mihalis Kakogiannis",NR,"(Actor), ,(Actor), ,(Director, Editor, Producer, Writer)",Electra
,,DVD,B004B93RHE,,Unrated,,Max & Ruby: Bunny Tales
,,DVD,B00HWCIOL6,"Anthony Gutierrez,Cody Bollinger,Not Available",NR,"(Actor), ,(Actor), ,(Director)",UFC: Ultimate Fighter Season 18
,,DVD,B000BO0LP4,"Dolly Parton,Barbi Benton",Unrated,"(Actor), ,(Actor)",The Hee Haw Collection: Episode 152
,,"VHS Tape, Color, HiFi Sound, NTSC",6304263422,,NR,,Reebok Rhythm Section:Sweat Factory VHS
,,VHS Tape,6302424909,"Charlton Heston,Ava Gardner,Guy Green,Nicholas Ray",Unrated,"(Actor), ,(Actor), ,(Director), ,(Director)",55 Days at Peking VHS
,Digital Copy Included,DVD,B00H0EN98E,"David Koechner,Ethan Embry,E.L. Katz",Unrated,"(Actor), ,(Actor), ,(Director)",Cheap Thrills *
,,,B00L1WJDX6,MAGIC SCHOOL BUS: SEASON'S GREETINGS,,(Author),The Magic School Bus Season's Greetings
,,DVD,B005DRNUDE,,,,School DVD - Fast; Fun & Easy 7 for D3000; D3100; D5000; D5100 and D7000
,,VHS Tape,0782008119,"John Mortensen,Eddie Vedder,Doug Pray",NR,"(Actor), ,(Actor), ,(Director)",Hype VHS
,,,B0060KGS78,"Cornel Wilde,Donna Reed,George Marshall",NR,"(Actor), ,(Actor), ,(Director)",Beyond Mombasa
,,DVD,B00003L9CO,"Bernsen, Corbin,Dunn, Nora",Unrated,"(Actor), ,(Actor)",Saturday Night Live - The Best of Dana Carvey
,,DVD,B0004Z33FK,,Unrated,,"Bill Hicks Live - Satirist, Social Critic, Stand-Up Comedian"
,Uncut,DVD,B004DMIIV4,"Colleen Clinkenbeard,Luci Christian",NR,"(Actor), ,(Actor)","One Piece: Season 3, Fifth Voyage"
,,VHS Tape,6302969603,"Arletty,Jean-Louis Barrault,Marcel Carné",NR,"(Actor), ,(Actor), ,(Director)",Children of Paradise VHS
,,DVD,B014AQZ4NW,The Bee Gees,G,(Actor),The Very Best of the Bee Gees: Live! One For All
,,DVD,B00GSTHCS0,"Various,Discovery",PG,"(Actor), ,(Director)",Survivorman Ten Days
,DVD,DVD,B007CZ324W,"Jon Voight,Teri Polo,Josef Rusnak",NR,"(Actor), ,(Actor), ,(Director)",Beyond
,VHS video,VHS Tape,6304056893,"Lana Turner,John Garfield,Tay Garnett",Unrated,"(Actor), ,(Actor), ,(Director)",Postman Always Rings Twice VHS
,,"VHS Tape, Black & White, Color, NTSC",630232050X,,NR,,Republic Pictures Story VHS
,,,B001FAZBLC,"Don Hollenbeck,Paul Hall",NR,"(Actor), ,(Actor)",The Seafarers by Stanley Kubrick
,,DVD,B000LXGV5O,"Aarti Chopra,Dr. Sriram Lagoo,Kasturi,Nutan,Rajendra Kumar,Satyen Kappu,Vinod Mehra,Saawan Kumar",,"(Actor), ,(Director)",Saajan
,VHS video,VHS Tape,6305020310,"Sammo Kam-Bo Hung,Jackie Chan",PG-13,"(Actor, Director, Writer), ,(Actor)",Winners and Sinners VHS
,,DVD,6305616027,"Matthew Broderick,Rupert Everett,David Kellogg",PG,"(Actor), ,(Actor), ,(Director)",Inspector Gadget
,,DVD,B01793CMPQ,"Wade Williams,Kibwe Dorsey,De Miller",G,"(Actor), ,(Actor), ,(Director)",God Where Are You
,,DVD,B00008XS0X,,NR,,"The Return of Sherlock Holmes, Vol. 3 - The Priory School & Wisteria Lodge"
,,VHS Tape,6304362404,"Susan Dey,Tom Hulce,Robert Dornhelm",R,"(Actor), ,(Actor), ,(Director)",Echo Park VHS
,No enhanced packaging,DVD,B001EXE2W4,"Various,History",NR,"(Actor), ,(Director)",Secrets Of Civil War V1
,VHS video,VHS Tape,6300247406,"Chevy Chase,Patti D'Arbanville,Ken Shapiro",PG,"(Actor), ,(Actor), ,(Director)",Modern Problems VHS
,The Criterion Collection,DVD,B000TXNDVG,"Antonio Gades,Cristina Hoyos,Carlos Saura",PG,"(Actor, Writer), ,(Actor), ,(Director, Writer)",Eclipse Series 6: Carlos Saura's Flamenco Trilogy (Blood Wedding / Carmen / El Amor Brujo)
,Standard Edition,Multi-Format,B001FB55YE,"Gerard Butler,Tom Wilkinson,Guy Ritchie",R,"(Actor), ,(Actor), ,(Director)",RocknRolla
,,DVD,B000NOK0HQ,*,NR,"(Actor, Director)",Lighthouses of America
,,DVD,B006YTGL4K,"Zellweger, Renee,Jones, Gemma",R,"(Actor, Performer), ,(Actor, Performer)",Renee Zellweger 4 Film Collection
,,DVD,B001KEHAEE,"Jonathan Meyers,Radha Mitchell,Roger Spottiswoode",R,"(Actor), ,(Actor), ,(Director)",The Children of Huang Shi
,,VHS Tape,6305495890,"Jon Cuthbert,John Pyper-Ferguson,Scott Williams",NR,"(Actor), ,(Actor), ,(Director)",The Crow - Stairway To Heaven VHS
